{
  "name": "a015-MultiVariableMultiLog",
  "version": 1,
  "private": true,
  "concurrency": 1,
  "code": {
    "number": 0,
    "provider": "clock",
    "name": "scheduled_event",
    "as": "f22bf293",
    "title": null,
    "description": "<span class=\"provider\">Trigger</span> every 1000000 hours",
    "keyword": "trigger",
    "dynamicPickListSelection": {
      "time_unit": "Hours"
    },
    "input": {
      "time_unit": "hours",
      "trigger_every": "1000000"
    },
    "extended_input_schema": [
      {
        "control_type": "integer",
        "default": "5",
        "enforce_template_mode": true,
        "extends_schema": true,
        "hint": "Define repeating schedule. Enter whole numbers only.\n                        This field can be set to a minimum of 5 minutes.",
        "label": "Trigger every",
        "name": "trigger_every",
        "optional": false,
        "suffix": {
          "text": "hours"
        },
        "type": "string"
      },
      {
        "control_type": "select",
        "hint": "Select the timezone to use. Leave it blank to use <b>{{authUser.account_timezone}}</b>",
        "label": "Timezone",
        "name": "timezone",
        "optional": true,
        "pick_list": "timezone_id_global_pick_list",
        "pick_list_connection_less": true,
        "type": "string"
      },
      {
        "control_type": "date_time",
        "enforce_template_mode": true,
        "extends_schema": true,
        "hint": "Set date and time to start or leave blank to start immediately. <b>Once recipe has been run or tested, value cannot be changed.</b>",
        "label": "Start after",
        "name": "start_after",
        "optional": true,
        "parse_output": "date_time_conversion",
        "since_field": true,
        "type": "date_time",
        "ignore_timezone": true,
        "render_input": "date_time_conversion"
      }
    ],
    "block": [
      {
        "number": 1,
        "provider": "workato_variable",
        "name": "declare_variable",
        "as": "d7d36d35",
        "title": "  Create variables name, complexVar",
        "description": "Create variables <span class=\"provider\">name</span>, <span class=\"provider\">complexVar</span>",
        "keyword": "action",
        "input": {
          "variables": {
            "schema": "[{\"control_type\":\"text\",\"label\":\"name\",\"name\":\"name\",\"type\":\"string\",\"optional\":true,\"details\":{\"real_name\":\"name\"}},{\"properties\":[{\"control_type\":\"text\",\"label\":\"str\",\"name\":\"str\",\"type\":\"string\"},{\"control_type\":\"text\",\"label\":\"number\",\"parse_output\":\"integer_conversion\",\"name\":\"number\",\"type\":\"integer\"},{\"control_type\":\"checkbox\",\"label\":\"flag\",\"render_input\":{},\"parse_output\":{},\"toggle_hint\":\"Select from option list\",\"toggle_field\":{\"label\":\"flag\",\"control_type\":\"text\",\"toggle_hint\":\"Use custom value\",\"name\":\"flag\",\"type\":\"boolean\"},\"name\":\"flag\",\"type\":\"boolean\"},{\"control_type\":\"date_time\",\"label\":\"currentDtTm\",\"render_input\":\"date_time_conversion\",\"parse_output\":\"date_time_conversion\",\"name\":\"currentDtTm\",\"type\":\"date_time\"}],\"label\":\"complexVar\",\"name\":\"complexVar\",\"type\":\"object\"}]",
            "data": {
              "name": "First Last"
            }
          }
        },
        "extended_output_schema": [
          {
            "control_type": "text",
            "label": "name",
            "name": "name",
            "optional": true,
            "type": "string",
            "details": {
              "real_name": "name"
            }
          },
          {
            "label": "complexVar",
            "name": "complexVar",
            "properties": [
              {
                "control_type": "text",
                "label": "str",
                "name": "str",
                "type": "string"
              },
              {
                "control_type": "text",
                "label": "number",
                "parse_output": "integer_conversion",
                "name": "number",
                "type": "integer"
              },
              {
                "control_type": "checkbox",
                "label": "flag",
                "render_input": {
                },
                "parse_output": {
                },
                "toggle_hint": "Select from option list",
                "toggle_field": {
                  "label": "flag",
                  "control_type": "text",
                  "toggle_hint": "Use custom value",
                  "name": "flag",
                  "type": "boolean"
                },
                "name": "flag",
                "type": "boolean"
              },
              {
                "control_type": "date_time",
                "label": "currentDtTm",
                "render_input": "date_time_conversion",
                "parse_output": "date_time_conversion",
                "name": "currentDtTm",
                "type": "date_time"
              }
            ],
            "type": "object"
          }
        ],
        "extended_input_schema": [
          {
            "add_field_label": "Add a variable",
            "control_type": "form-schema-builder",
            "empty_schema_title": "Add variables by giving them a name, type and default value",
            "exclude_fields": [
              "hint"
            ],
            "item_label": "variable",
            "label": "Variables",
            "mark_as_required": true,
            "name": "variables",
            "ngIf": "!input.name",
            "optional": true,
            "properties": [
              {
                "control_type": "text",
                "label": "Schema",
                "extends_schema": true,
                "broadcast_change_event": true,
                "type": "string",
                "name": "schema"
              },
              {
                "properties": [
                  {
                    "control_type": "text",
                    "label": "name",
                    "name": "name",
                    "type": "string",
                    "optional": true,
                    "details": {
                      "real_name": "name"
                    },
                    "hint": "Defaults to nil if not supplied.",
                    "sticky": true
                  },
                  {
                    "properties": [
                      {
                        "control_type": "text",
                        "label": "str",
                        "name": "str",
                        "type": "string",
                        "hint": "Defaults to nil if not supplied.",
                        "optional": true,
                        "sticky": true
                      },
                      {
                        "control_type": "text",
                        "label": "number",
                        "parse_output": "integer_conversion",
                        "name": "number",
                        "type": "integer",
                        "hint": "Defaults to nil if not supplied.",
                        "optional": true,
                        "sticky": true
                      },
                      {
                        "control_type": "checkbox",
                        "label": "flag",
                        "render_input": {
                        },
                        "parse_output": {
                        },
                        "toggle_hint": "Select from option list",
                        "toggle_field": {
                          "label": "flag",
                          "control_type": "text",
                          "toggle_hint": "Use custom value",
                          "name": "flag",
                          "type": "boolean"
                        },
                        "name": "flag",
                        "type": "boolean",
                        "hint": "Defaults to nil if not supplied.",
                        "optional": true,
                        "sticky": true
                      },
                      {
                        "control_type": "date_time",
                        "label": "currentDtTm",
                        "render_input": "date_time_conversion",
                        "parse_output": "date_time_conversion",
                        "name": "currentDtTm",
                        "type": "date_time",
                        "hint": "Defaults to nil if not supplied.",
                        "optional": true,
                        "sticky": true
                      }
                    ],
                    "label": "complexVar",
                    "name": "complexVar",
                    "type": "object",
                    "hint": "Defaults to nil if not supplied.",
                    "optional": true,
                    "sticky": true
                  }
                ],
                "label": "Data",
                "type": "object",
                "name": "data"
              }
            ],
            "type": "object"
          }
        ],
        "visible_config_fields": [
          "variables.data.name",
          "variables",
          "variables.schema",
          "variables.data",
          "variables.data.dttm",
          "variables.data.complexVar"
        ],
        "uuid": "bfe0d10f-35d6-45a9-9a75-b1f46c3cc052"
      },
      {
        "number": 2,
        "provider": "logger",
        "name": "log_message",
        "as": "cd9beb75",
        "title": null,
        "description": "Log <span class=\"provider\">message</span> to <span class=\"provider\">Job report</span>",
        "keyword": "action",
        "input": {
          "message": "#{_dp('{\"pill_type\":\"output\",\"provider\":\"workato_variable\",\"line\":\"d7d36d35\",\"path\":[\"name\"]}')}"
        },
        "uuid": "db6450d4-e52c-4fc8-9102-24ab3491e7c0"
      },
      {
        "number": 3,
        "provider": "logger",
        "name": "log_message",
        "as": "4bd70da2",
        "title": null,
        "description": "Log <span class=\"provider\">message</span> to <span class=\"provider\">Job report</span>",
        "keyword": "action",
        "input": {
          "message": "#{_dp('{\"pill_type\":\"output\",\"provider\":\"workato_variable\",\"line\":\"d7d36d35\",\"path\":[\"complexVar\",\"str\"]}')}"
        },
        "uuid": "4a7ae623-840b-4385-a0f6-a2d717aef2ab"
      }
    ],
    "uuid": "3964da92-9204-4e4b-a722-0f55d82982dd",
    "unfinished": false
  },
  "config": [
    {
      "keyword": "application",
      "provider": "clock",
      "skip_validation": false,
      "account_id": null
    },
    {
      "keyword": "application",
      "provider": "workato_variable",
      "skip_validation": false,
      "account_id": null
    },
    {
      "keyword": "application",
      "provider": "logger",
      "skip_validation": false,
      "account_id": null
    }
  ]
}