{
  "name": "a020-GlobalVariable",
  "version": 1,
  "private": true,
  "concurrency": 1,
  "code": {
    "number": 0,
    "provider": "clock",
    "name": "scheduled_event",
    "as": "9f194840",
    "title": null,
    "description": "<span class=\"provider\">Trigger</span> every 1000000 hours",
    "keyword": "trigger",
    "dynamicPickListSelection": {
      "time_unit": "Hours"
    },
    "input": {
      "time_unit": "hours",
      "trigger_every": "1000000"
    },
    "extended_input_schema": [
      {
        "control_type": "integer",
        "default": "5",
        "enforce_template_mode": true,
        "extends_schema": true,
        "hint": "Define repeating schedule. Enter whole numbers only.\n                        This field can be set to a minimum of 5 minutes.",
        "label": "Trigger every",
        "name": "trigger_every",
        "optional": false,
        "suffix": {
          "text": "hours"
        },
        "type": "string"
      },
      {
        "control_type": "select",
        "hint": "Select the timezone to use. Leave it blank to use <b>{{authUser.account_timezone}}</b>",
        "label": "Timezone",
        "name": "timezone",
        "optional": true,
        "pick_list": "timezone_id_global_pick_list",
        "pick_list_connection_less": true,
        "type": "string"
      },
      {
        "control_type": "date_time",
        "enforce_template_mode": true,
        "extends_schema": true,
        "hint": "Set date and time to start or leave blank to start immediately. <b>Once recipe has been run or tested, value cannot be changed.</b>",
        "label": "Start after",
        "name": "start_after",
        "optional": true,
        "parse_output": "date_time_conversion",
        "since_field": true,
        "type": "date_time",
        "ignore_timezone": true,
        "render_input": "date_time_conversion"
      }
    ],
    "block": [
      {
        "number": 1,
        "provider": "workato_variable",
        "name": "declare_variable",
        "as": "5644c867",
        "title": "  Create variable name",
        "description": "Create variable <span class=\"provider\">name</span>",
        "keyword": "action",
        "input": {
          "variables": {
            "schema": "[{\"name\":\"name\",\"type\":\"string\",\"optional\":true,\"label\":\"name\",\"details\":{\"real_name\":\"name\"},\"control_type\":\"text\"}]",
            "data": {
              "name": "First Last"
            }
          }
        },
        "extended_output_schema": [
          {
            "control_type": "text",
            "label": "name",
            "name": "name",
            "optional": true,
            "type": "string",
            "details": {
              "real_name": "name"
            }
          }
        ],
        "extended_input_schema": [
          {
            "add_field_label": "Add a variable",
            "control_type": "form-schema-builder",
            "empty_schema_title": "Add variables by giving them a name, type and default value",
            "exclude_fields": [
              "hint"
            ],
            "item_label": "variable",
            "label": "Variables",
            "mark_as_required": true,
            "name": "variables",
            "ngIf": "!input.name",
            "optional": true,
            "properties": [
              {
                "control_type": "text",
                "label": "Schema",
                "extends_schema": true,
                "broadcast_change_event": true,
                "type": "string",
                "name": "schema"
              },
              {
                "properties": [
                  {
                    "control_type": "text",
                    "label": "name",
                    "name": "name",
                    "type": "string",
                    "optional": true,
                    "details": {
                      "real_name": "name"
                    },
                    "hint": "Defaults to nil if not supplied.",
                    "sticky": true
                  }
                ],
                "label": "Data",
                "type": "object",
                "name": "data"
              }
            ],
            "type": "object"
          }
        ],
        "visible_config_fields": [
          "variables.data.name"
        ],
        "uuid": "5dafab50-49d1-4c80-9deb-30757b8fcd9b"
      },
      {
        "number": 2,
        "keyword": "if",
        "input": {
          "type": "compound",
          "operand": "and",
          "conditions": [
            {
              "operand": "equals_to",
              "lhs": "#{_dp('{\"pill_type\":\"project_property\",\"property_name\":\"language\"}')}",
              "rhs": "SP",
              "uuid": "187debc6-f27f-4694-b0c7-0b26b0a0454f"
            }
          ]
        },
        "block": [
          {
            "number": 3,
            "provider": "logger",
            "name": "log_message",
            "as": "82690539",
            "title": null,
            "description": "Log <span class=\"provider\">message</span> to <span class=\"provider\">Job report</span>",
            "keyword": "action",
            "input": {
              "message": "Hola #{_dp('{\"pill_type\":\"output\",\"provider\":\"workato_variable\",\"line\":\"5644c867\",\"path\":[\"name\"]}')}"
            },
            "uuid": "2406c0dd-2174-4ee5-ba95-8cce50dcaa00"
          },
          {
            "number": 4,
            "keyword": "else",
            "input": {
            },
            "block": [
              {
                "number": 5,
                "provider": "logger",
                "name": "log_message",
                "as": "c4481674",
                "title": null,
                "description": "Log <span class=\"provider\">message</span> to <span class=\"provider\">Job report</span>",
                "keyword": "action",
                "input": {
                  "message": "Hello #{_dp('{\"pill_type\":\"output\",\"provider\":\"workato_variable\",\"line\":\"5644c867\",\"path\":[\"name\"]}')}"
                },
                "uuid": "64580aa5-e2f1-4038-9d4a-fb604da1d7d4"
              }
            ],
            "uuid": "8215156c-88c5-4a05-b2fd-8879d4b15f03"
          }
        ],
        "uuid": "415179a1-8d72-4984-a41e-2116f1c6766e"
      },
      {
        "number": 6,
        "provider": "logger",
        "name": "log_message",
        "as": "ea85401d",
        "title": null,
        "description": "Log <span class=\"provider\">message</span> to <span class=\"provider\">Job report</span>",
        "keyword": "action",
        "input": {
          "message": "=_dp('{\"pill_type\":\"project_property\",\"property_name\":\"language\"}')==\"SP\" ? \"Hola \"+_dp('{\"pill_type\":\"output\",\"provider\":\"workato_variable\",\"line\":\"5644c867\",\"path\":[\"name\"]}') : \"Hello \"+_dp('{\"pill_type\":\"output\",\"provider\":\"workato_variable\",\"line\":\"5644c867\",\"path\":[\"name\"]}')"
        },
        "comment": "Alternate method, should we use this or the more elaborate if ... then ... otherwise style above?",
        "uuid": "af73cc2d-8d5f-4167-a2e4-db60bdd46618"
      }
    ],
    "uuid": "224f14a7-15bc-4460-987f-bba050d5b151",
    "unfinished": false
  },
  "config": [
    {
      "keyword": "application",
      "provider": "clock",
      "skip_validation": false,
      "account_id": null
    },
    {
      "keyword": "application",
      "provider": "logger",
      "skip_validation": false,
      "account_id": null
    },
    {
      "keyword": "application",
      "provider": "workato_variable",
      "skip_validation": false,
      "account_id": null
    }
  ]
}